{"cameraMode":{"drawMode":0,"name":"Shaded","section":"Shading Mode"},"sceneLighting":false,"audioPlay":false,"sceneViewState":{"m_AlwaysRefresh":false,"showFog":true,"showSkybox":false,"showFlares":true,"showImageEffects":true,"showParticleSystems":true,"showVisualEffectGraphs":true,"m_FxEnabled":true},"in2DMode":false,"pivot":{"x":0.0027167201042175295,"y":-0.012728512287139893,"z":-0.002717822790145874},"rotation":{"x":-0.12763965129852296,"y":-0.18190599977970124,"z":0.02381686493754387,"w":-0.9747121930122376},"size":1.2633609771728516,"orthographic":false}