{"cameraMode":{"drawMode":0,"name":"Shaded","section":"Shading Mode"},"sceneLighting":true,"audioPlay":false,"sceneViewState":{"m_AlwaysRefresh":false,"showFog":true,"showSkybox":false,"showFlares":true,"showImageEffects":true,"showParticleSystems":true,"showVisualEffectGraphs":true,"m_FxEnabled":true},"in2DMode":false,"pivot":{"x":0.9919999837875366,"y":0.013486623764038086,"z":-0.09169206023216248},"rotation":{"x":-0.14212937653064729,"y":0.8095935583114624,"z":-0.2188408076763153,"w":-0.525804340839386},"size":0.38462063670158389,"orthographic":false}