{"cameraMode":{"drawMode":0,"name":"Shaded","section":"Shading Mode"},"sceneLighting":true,"audioPlay":false,"sceneViewState":{"m_AlwaysRefresh":false,"showFog":true,"showSkybox":false,"showFlares":true,"showImageEffects":true,"showParticleSystems":true,"showVisualEffectGraphs":true,"m_FxEnabled":true},"in2DMode":false,"pivot":{"x":0.9919999837875366,"y":0.013486623764038086,"z":-0.09169206023216248},"rotation":{"x":0.05248076468706131,"y":0.9456298351287842,"z":-0.25561243295669558,"w":0.19415107369422913},"size":3.7864346504211427,"orthographic":false}